{"schemaVersion":"1.0","appDefinitionTemplate":{"id":"/providers/Microsoft.PowerApps/apps/","type":"Microsoft.PowerApps/apps","tags":{"minimumRequiredApiVersion":"2.2.0"},"properties":{"appVersion":"2019-08-22T17:54:44Z","lifeCycleId":"Published","createdByClientVersion":{"major":3,"minor":19081,"build":26,"revision":0,"majorRevision":0,"minorRevision":0},"minClientVersion":{"major":3,"minor":19081,"build":26,"revision":0,"majorRevision":0,"minorRevision":0},"backgroundColor":"rgba(0, 134, 208, 1)","backgroundImageUri":"/11804577216146493597/Nc56697a2-7dcb-4ecd-85c7-faf593aa8966-logoSmallFile","displayName":"Nearby Customers","description":"","appUris":{"documentUri":{"value":"/11804577216146493597/Ne9b0c8b5-67a2-4d64-a8ed-0b98fa9d6ca8-document.msapp","readonlyValue":"/11804577216146493597/Ne9b0c8b5-67a2-4d64-a8ed-0b98fa9d6ca8-document.msapp"},"imageUris":[]},"createdTime":"0001-01-01T00:00:00Z","lastModifiedTime":"0001-01-01T00:00:00Z","sharedGroupsCount":0,"sharedUsersCount":0,"icons":{"smallIconUri":"/11804577216146493597/Nd57b217e-dcd1-4a65-a190-6888a0c18d87-small.png","mediumIconUri":"/11804577216146493597/Nf038cbbd-0b6e-42ce-a10d-bff59ea0e785-medium.png","largeIconUri":"/11804577216146493597/N39ff95b6-91ba-4509-a2e3-224b6caa7688-large.png","wideIconUri":"/11804577216146493597/Ncd6cb8d9-b9ad-4886-8a50-21834e6adf51-wide.png"},"connectionReferences":{},"databaseReferences":{"default.cds":{"databaseDetails":{"referenceType":"Environmental","environmentName":"default.cds"},"dataSources":{"Orders":{"entitySetName":"nwind_orderses","logicalName":"nwind_orders"},"Employees":{"entitySetName":"nwind_employeeses","logicalName":"nwind_employees"},"Customers":{"entitySetName":"nwind_customerses","logicalName":"nwind_customers"},"Engagement Reports":{"entitySetName":"nwind_engagementreports","logicalName":"nwind_engagementreport"},"Order Details":{"entitySetName":"nwind_orderdetailses","logicalName":"nwind_orderdetails"}}}},"almMode":"Environment"}}}